id,targeting_score,visual_appeal,contextual_relevance,headline_length,cta_strength,position_on_page,ad_format,age_group,gender,location,time_of_day,day_of_week,brand_familiarity,device_type,ad_frequency,market_saturation,seasonality,headline_sentiment,headline_word_count,headline_power_words,body_text_length,body_word_count,body_sentiment,headline_question,headline_numbers,body_keyword_density,body_readability_score,CTR
4316,4.0,1.11859339422635,0.0,73.0,0.0,In-Content,Text,25-34,Male,Midwest,Morning,Tuesday,4.0,Desktop,10,6.0,1,-1.22717092038145,12.0,1.0,105.0,22.0,-1.66824110927298,1.0,1.0,0.0752984928386286,61.4836194319651,0.0119655504987658
7271,3.0,4.89035523892523,0.0,93.0,3.0,Side Banner,Text,25-34,Male,Midwest,Afternoon,Tuesday,2.0,Mobile,6,4.0,0,-0.156878000204421,14.0,1.0,194.0,20.0,3.3472796398133,1.0,0.0,0.0979890291090123,54.7752045444213,0.0
6477,3.0,4.74469790502354,1.0,96.0,3.0,In-Content,Text,35-44,Female,South,Morning,Wednesday,14.0,Mobile,8,4.0,1,-1.67591855453354,15.0,1.0,164.0,38.0,-1.01521899843005,1.0,0.0,0.0184118354297243,66.3675155257806,0.0
4847,6.0,4.83805715039735,0.0,93.0,5.0,Side Banner,Text,18-24,Female,,Evening,Thursday,5.0,Mobile,10,4.0,0,-2.51596681821178,6.0,0.0,61.0,37.0,0.0664299448560546,1.0,0.0,0.06874440721469,66.0845364676788,0.0006812156441659
4566,3.0,1.35838480728275,0.0,79.0,3.0,Side Banner,Text,18-24,Female,South,Afternoon,Friday,15.0,Mobile,8,9.0,1,1.4050514109216,12.0,0.0,191.0,1.0,-0.996761514066385,1.0,0.0,0.0438580104825087,89.6479415590875,0.0051340215466467
